{
  "timestamp": "2026-02-22T23:39:08.248018",
  "stats": {
    "total_trades": 50,
    "wins": 3,
    "losses": 47,
    "total_pnl": -2.1243762981486305,
    "avg_pnl": -0.04248752596297261
  }
}