{
  "lastCheck": 1773014774.316309,
  "lastCheckISO": "2026-03-09T11:06:14.316364",
  "karma": 0,
  "posts": 1
}