{
  "last_run": "2026-03-13T17:42:06.368228",
  "goals_count": 6,
  "active_count": 0,
  "avg_priority": 0.7041666666666667
}